t,ang,vel,E,tou,act,fac,opt,power,coord
0,-0.349066,0,-0.927931,0,0,1,236.087,0,q3
0.0005,-0.349068,-0.00906825,-0.932543,-9.75255,-0.0413377,0.999308,236.087,0.0884385,q3
0.001,-0.349077,-0.0277542,-0.937155,-19.0928,-0.0810434,0.997882,236.088,0.529906,q3
0.0015,-0.349097,-0.0556615,-0.941767,-28.0198,-0.11919,0.995752,236.089,1.55962,q3
0.002,-0.349134,-0.0923882,-0.946379,-36.5343,-0.155846,0.99295,236.091,3.37534,q3
0.0025,-0.349191,-0.137528,-0.95099,-44.6388,-0.191078,0.989505,236.094,6.1391,q3
0.003,-0.349273,-0.190674,-0.955602,-52.3373,-0.224949,0.98545,236.098,9.97938,q3
0.0035,-0.349383,-0.251418,-0.960214,-59.6351,-0.257521,0.980816,236.104,14.9934,q3
0.004,-0.349525,-0.319353,-0.964826,-66.5388,-0.288849,0.975634,236.111,21.2494,q3
0.0045,-0.349703,-0.394075,-0.969438,-73.0559,-0.318991,0.969936,236.121,28.7895,q3
0.005,-0.34992,-0.475186,-0.972619,-79.1965,-0.348005,0.963752,236.132,37.633,q3
0.0055,-0.350179,-0.562247,-0.962137,-84.8779,-0.375534,0.957119,236.145,47.7223,q3
0.006,-0.350483,-0.654709,-0.951654,-90.0551,-0.401366,0.950077,236.161,58.9599,q3
0.0065,-0.350835,-0.75202,-0.941172,-94.7521,-0.425584,0.942672,236.18,71.2555,q3
0.007,-0.351236,-0.853654,-0.930689,-98.9913,-0.448261,0.934944,236.2,84.5043,q3
0.0075,-0.351689,-0.959104,-0.920206,-102.796,-0.469464,0.926934,236.224,98.5918,q3
0.008,-0.352196,-1.06789,-0.909724,-106.188,-0.489259,0.91868,236.25,113.397,q3
0.0085,-0.352758,-1.17955,-0.899241,-109.191,-0.507708,0.910219,236.279,128.796,q3
0.009,-0.353376,-1.29366,-0.888759,-111.827,-0.524872,0.901585,236.311,144.665,q3
0.0095,-0.354052,-1.40979,-0.878276,-114.117,-0.540808,0.892813,236.346,160.882,q3
0.01,-0.354786,-1.52758,-0.855368,-116.073,-0.555516,0.883932,236.384,177.311,q3
0.0105,-0.355579,-1.64644,-0.779339,-117.323,-0.567138,0.874988,236.424,193.165,q3
0.011,-0.356432,-1.76543,-0.703311,-117.729,-0.574866,0.866054,236.468,207.842,q3
0.0115,-0.357345,-1.88361,-0.627282,-117.361,-0.578871,0.857201,236.514,221.061,q3
0.012,-0.358316,-2.00011,-0.551254,-116.328,-0.579545,0.848495,236.564,232.669,q3
0.0125,-0.359344,-2.11444,-0.475225,-115.088,-0.579059,0.839973,236.616,243.348,q3
0.013,-0.36043,-2.22647,-0.399197,-113.769,-0.578019,0.831645,236.67,253.303,q3
0.0135,-0.36157,-2.33611,-0.323168,-112.374,-0.57643,0.823516,236.727,262.518,q3
0.014,-0.362765,-2.44328,-0.24714,-110.909,-0.574296,0.815592,236.786,270.981,q3
0.0145,-0.364013,-2.54792,-0.171111,-109.376,-0.571621,0.807876,236.848,278.682,q3
0.015,-0.365313,-2.64996,-0.114311,-107.782,-0.568416,0.800375,236.912,285.618,q3
0.0155,-0.366663,-2.74936,-0.105902,-106.199,-0.565057,0.793088,236.978,291.98,q3
0.016,-0.368062,-2.84618,-0.0974931,-104.649,-0.561662,0.786011,237.045,297.85,q3
0.0165,-0.369509,-2.94045,-0.0890843,-103.131,-0.558231,0.77914,237.115,303.251,q3
0.017,-0.371002,-3.03223,-0.0806756,-101.643,-0.554763,0.772471,237.186,308.206,q3
0.0175,-0.37254,-3.12155,-0.0722668,-100.186,-0.551259,0.765999,237.258,312.735,q3
0.018,-0.374123,-3.20846,-0.0638581,-98.7573,-0.547719,0.759721,237.332,316.859,q3
0.0185,-0.375748,-3.29299,-0.0554493,-97.3571,-0.544144,0.753632,237.408,320.596,q3
0.019,-0.377416,-3.3752,-0.0470406,-95.9842,-0.540533,0.747728,237.484,323.966,q3
0.0195,-0.379123,-3.45512,-0.0386318,-94.6378,-0.536887,0.742004,237.561,326.985,q3
0.02,-0.38087,-3.53278,-0.0331445,-93.3177,-0.53321,0.736458,237.639,329.671,q3
0.0205,-0.382656,-3.60824,-0.0324411,-92.0305,-0.529544,0.731085,237.718,332.068,q3
0.021,-0.384478,-3.68154,-0.0317378,-90.7767,-0.525899,0.72588,237.797,334.198,q3
0.0215,-0.386337,-3.75273,-0.0310344,-89.5553,-0.522277,0.72084,237.877,336.077,q3
0.022,-0.388231,-3.82185,-0.0303311,-88.3652,-0.518675,0.715959,237.957,337.719,q3
0.0225,-0.390158,-3.88895,-0.0296277,-87.2054,-0.515095,0.711233,238.037,339.138,q3
0.023,-0.392119,-3.95407,-0.0289244,-86.0748,-0.511536,0.706659,238.117,340.346,q3
0.0235,-0.394112,-4.01726,-0.028221,-84.9725,-0.507998,0.702233,238.197,341.356,q3
0.024,-0.396136,-4.07855,-0.0275177,-83.8975,-0.50448,0.69795,238.276,342.18,q3
0.0245,-0.39819,-4.13798,-0.0268143,-82.8489,-0.500983,0.693808,238.355,342.828,q3
0.025,-0.400274,-4.19561,-0.0282079,-81.8263,-0.49751,0.689802,238.433,343.311,q3
0.0255,-0.402386,-4.25146,-0.0319293,-80.8331,-0.494086,0.685928,238.511,343.658,q3
0.026,-0.404525,-4.30558,-0.0356506,-79.8688,-0.490713,0.682184,238.588,343.881,q3
0.0265,-0.406691,-4.35801,-0.0393719,-78.9324,-0.487393,0.678564,238.663,343.989,q3
0.027,-0.408883,-4.4088,-0.0430933,-78.0232,-0.484125,0.675066,238.737,343.989,q3
0.0275,-0.4111,-4.45798,-0.0468146,-77.1402,-0.480907,0.671687,238.81,343.89,q3
0.028,-0.41334,-4.5056,-0.0505359,-76.2826,-0.477741,0.668422,238.881,343.699,q3
0.0285,-0.415605,-4.55169,-0.0542572,-75.4494,-0.474625,0.665268,238.951,343.422,q3
0.029,-0.417892,-4.59629,-0.0579786,-74.6401,-0.471559,0.662223,239.019,343.067,q3
0.0295,-0.420201,-4.63943,-0.0616999,-73.8537,-0.468543,0.659284,239.084,342.639,q3
0.03,-0.422531,-4.68116,-0.0640918,-73.0891,-0.465573,0.656446,239.148,342.142,q3
0.0305,-0.424882,-4.7215,-0.0654755,-72.3438,-0.462637,0.653708,239.209,341.571,q3
0.031,-0.427252,-4.76048,-0.0668592,-71.6167,-0.459732,0.651067,239.267,340.93,q3
0.0315,-0.429642,-4.79814,-0.0682429,-70.9073,-0.456859,0.64852,239.323,340.223,q3
0.032,-0.43205,-4.83451,-0.0696266,-70.215,-0.454017,0.646065,239.376,339.455,q3
0.0325,-0.434476,-4.86961,-0.0710103,-69.5394,-0.451206,0.6437,239.427,338.63,q3
0.033,-0.43692,-4.90348,-0.072394,-68.8798,-0.448426,0.641421,239.474,337.751,q3
0.0335,-0.43938,-4.93613,-0.0737777,-68.2358,-0.445676,0.639228,239.518,336.821,q3
0.034,-0.441856,-4.96761,-0.0751614,-67.6069,-0.442957,0.637117,239.558,335.845,q3
0.0345,-0.444347,-4.99793,-0.0765451,-66.9925,-0.440267,0.635086,239.595,334.824,q3
0.035,-0.446853,-5.02713,-0.119436,-66.4059,-0.437697,0.633134,239.628,333.831,q3
0.0355,-0.449374,-5.05527,-0.183378,-65.8996,-0.4356,0.631255,239.657,333.141,q3
0.036,-0.451909,-5.08246,-0.247319,-65.4739,-0.433987,0.629443,239.682,332.768,q3
0.0365,-0.454456,-5.10878,-0.311261,-65.1268,-0.432854,0.62769,239.703,332.719,q3
0.037,-0.457017,-5.13433,-0.375203,-64.8565,-0.432197,0.625991,239.72,332.995,q3
0.0375,-0.459591,-5.1592,-0.439145,-64.6581,-0.431993,0.624339,239.732,333.584,q3
0.038,-0.462176,-5.18355,-0.503086,-64.7506,-0.43372,0.622724,239.739,335.638,q3
0.0385,-0.464774,-5.20779,-0.567028,-65.2565,-0.438234,0.621118,239.742,339.842,q3
0.039,-0.467384,-5.23234,-0.63097,-66.1483,-0.445388,0.619493,239.741,346.11,q3
0.0395,-0.470007,-5.25757,-0.694912,-67.4032,-0.455066,0.617826,239.74,354.377,q3
0.04,-0.472642,-5.28384,-0.732062,-68.9314,-0.466699,0.616092,239.737,364.222,q3
0.0405,-0.475291,-5.3113,-0.760673,-70.5585,-0.479132,0.614282,239.732,374.757,q3
0.041,-0.477953,-5.34004,-0.789283,-72.2703,-0.492283,0.612391,239.727,385.926,q3
0.0415,-0.480631,-5.37013,-0.817893,-74.0598,-0.506121,0.610414,239.72,397.711,q3
0.042,-0.483324,-5.40163,-0.846504,-75.9203,-0.520616,0.608347,239.712,410.093,q3
0.0425,-0.486033,-5.4346,-0.875114,-77.8451,-0.535738,0.606188,239.702,423.057,q3
0.043,-0.488759,-5.46908,-0.903725,-79.8279,-0.551459,0.603933,239.691,436.585,q3
0.0435,-0.491502,-5.50511,-0.932335,-81.8624,-0.567753,0.601582,239.679,450.662,q3
0.044,-0.494264,-5.54273,-0.960945,-83.9427,-0.584595,0.599132,239.666,465.271,q3
0.0445,-0.497045,-5.58195,-0.989556,-86.0646,-0.601971,0.596582,239.651,480.408,q3
0.045,-0.499846,-5.62277,-0.993976,-88.1564,-0.619393,0.593934,239.635,495.684,q3
0.0455,-0.502668,-5.66508,-0.99423,-90.1025,-0.636044,0.591196,239.617,510.437,q3
0.046,-0.505511,-5.70868,-0.994483,-91.9109,-0.651966,0.588381,239.598,524.69,q3
0.0465,-0.508377,-5.75342,-0.994737,-93.5887,-0.667192,0.585499,239.578,538.456,q3
0.047,-0.511265,-5.79916,-0.994991,-95.1425,-0.681753,0.58256,239.556,551.747,q3
0.0475,-0.514176,-5.84574,-0.995245,-96.5789,-0.695678,0.579575,239.533,564.575,q3
0.048,-0.517111,-5.89303,-0.995498,-97.9042,-0.708996,0.576552,239.508,576.952,q3
0.0485,-0.520069,-5.9409,-0.995752,-99.1246,-0.721733,0.5735,239.481,588.889,q3
0.049,-0.523052,-5.98924,-0.996006,-100.246,-0.733915,0.570426,239.454,600.396,q3
0.0495,-0.526059,-6.03792,-0.99626,-101.274,-0.745567,0.567339,239.424,611.484,q3
0.05,-0.52909,-6.08686,-0.996389,-102.214,-0.75671,0.564244,239.393,622.16,q3
0.0505,-0.532146,-6.13596,-0.996512,-103.07,-0.767363,0.561148,239.361,632.433,q3
0.051,-0.535226,-6.18512,-0.996634,-103.848,-0.777549,0.558056,239.327,642.311,q3
0.0515,-0.538331,-6.23427,-0.996757,-104.552,-0.787287,0.554974,239.292,651.806,q3
0.052,-0.54146,-6.28332,-0.996879,-105.188,-0.796598,0.551906,239.254,660.928,q3
0.0525,-0.544614,-6.33221,-0.997002,-105.759,-0.805501,0.548858,239.216,669.685,q3
0.053,-0.547792,-6.38087,-0.997124,-106.269,-0.814013,0.545832,239.175,678.089,q3
0.0535,-0.550995,-6.42923,-0.997247,-106.723,-0.822153,0.542833,239.133,686.149,q3
0.054,-0.554221,-6.47725,-0.99737,-107.125,-0.829936,0.539865,239.09,693.875,q3
0.0545,-0.557472,-6.52486,-0.997488,-107.478,-0.837379,0.536929,239.045,701.277,q3
0.055,-0.560746,-6.57203,-0.997527,-107.784,-0.844495,0.534029,238.998,708.362,q3
0.0555,-0.564044,-6.6187,-0.997565,-108.048,-0.851296,0.531168,238.949,715.14,q3
0.056,-0.567365,-6.66483,-0.997603,-108.273,-0.857797,0.528347,238.899,721.619,q3
0.0565,-0.570709,-6.71039,-0.997642,-108.46,-0.86401,0.525569,238.848,727.809,q3
0.057,-0.574075,-6.75535,-0.99768,-108.613,-0.869949,0.522836,238.794,733.721,q3
0.0575,-0.577464,-6.79967,-0.997718,-108.735,-0.875626,0.520148,238.74,739.363,q3
0.058,-0.580875,-6.84332,-0.997756,-108.828,-0.881052,0.517507,238.683,744.744,q3
0.0585,-0.584307,-6.88629,-0.997795,-108.894,-0.886239,0.514915,238.625,749.874,q3
0.059,-0.587761,-6.92855,-0.997833,-108.935,-0.891197,0.512373,238.565,754.761,q3
0.0595,-0.591236,-6.97008,-0.99786,-108.954,-0.895936,0.50988,238.504,759.416,q3
0.06,-0.594731,-7.01087,-0.997815,-108.951,-0.900465,0.507439,238.441,763.843,q3
0.0605,-0.598246,-7.0509,-0.99777,-108.93,-0.90479,0.505049,238.377,768.051,q3
0.061,-0.601782,-7.09015,-0.997725,-108.89,-0.90892,0.502711,238.311,772.047,q3
0.0615,-0.605336,-7.12862,-0.997679,-108.835,-0.912865,0.500425,238.244,775.841,q3
0.062,-0.60891,-7.16629,-0.997634,-108.765,-0.916633,0.498192,238.175,779.441,q3
0.0625,-0.612502,-7.20317,-0.997589,-108.682,-0.920232,0.496011,238.105,782.853,q3
0.063,-0.616113,-7.23924,-0.997544,-108.587,-0.923668,0.493883,238.033,786.085,q3
0.0635,-0.619742,-7.2745,-0.997499,-108.481,-0.92695,0.491807,237.96,789.146,q3
0.064,-0.623387,-7.30894,-0.997454,-108.366,-0.930084,0.489783,237.885,792.042,q3
0.0645,-0.62705,-7.34258,-0.984866,-108.241,-0.933062,0.487812,237.809,794.768,q3
0.065,-0.63073,-7.37533,-0.930803,-107.909,-0.934174,0.485896,237.732,795.867,q3
0.0655,-0.634426,-7.40701,-0.876741,-107.437,-0.933951,0.484046,237.653,795.79,q3
0.066,-0.638137,-7.43759,-0.822679,-106.935,-0.933334,0.482265,237.574,795.341,q3
0.0665,-0.641863,-7.46704,-0.768616,-106.404,-0.932325,0.480553,237.492,794.523,q3
0.067,-0.645604,-7.49536,-0.714554,-105.844,-0.930927,0.478909,237.41,793.342,q3
0.0675,-0.649358,-7.52253,-0.660492,-105.257,-0.929144,0.477335,237.327,791.802,q3
0.068,-0.653126,-7.54854,-0.606429,-104.644,-0.926978,0.47583,237.242,789.907,q3
0.0685,-0.656906,-7.5734,-0.552367,-104.004,-0.924431,0.474395,237.156,787.663,q3
0.069,-0.660699,-7.59708,-0.498305,-103.339,-0.921507,0.473029,237.07,785.072,q3
0.0695,-0.664503,-7.61959,-0.446903,-102.649,-0.918212,0.471734,236.982,782.144,q3
0.07,-0.668318,-7.64093,-0.400977,-101.94,-0.91459,0.470507,236.893,778.918,q3
0.0705,-0.672144,-7.66108,-0.355051,-101.214,-0.910659,0.46935,236.804,775.41,q3
0.071,-0.675979,-7.68007,-0.309126,-100.471,-0.90642,0.468261,236.713,771.624,q3
0.0715,-0.679824,-7.69789,-0.2632,-99.711,-0.901876,0.467241,236.622,767.564,q3
0.072,-0.683677,-7.71454,-0.217274,-98.9344,-0.897029,0.466289,236.53,763.233,q3
0.0725,-0.687538,-7.73003,-0.171348,-98.1389,-0.89188,0.465403,236.431,758.617,q3
0.073,-0.691407,-7.74436,-0.125422,-97.3235,-0.886433,0.464585,236.323,753.708,q3
0.0735,-0.695282,-7.75753,-0.0794965,-96.4884,-0.88069,0.463834,236.205,748.512,q3
0.074,-0.699164,-7.76955,-0.0335707,-95.634,-0.874652,0.463149,236.078,743.033,q3
0.0745,-0.703052,-7.78042,-0.00686019,-94.7626,-0.868343,0.46253,235.942,737.292,q3
0.075,-0.706944,-7.79017,-0.00649212,-93.9031,-0.86203,0.461975,235.797,731.521,q3
0.0755,-0.710842,-7.79888,-0.00612405,-93.0595,-0.855761,0.46148,235.644,725.76,q3
0.076,-0.714743,-7.80661,-0.00575598,-92.231,-0.849535,0.46104,235.481,720.011,q3
0.0765,-0.718648,-7.81344,-0.0053879,-91.4164,-0.843353,0.460652,235.311,714.277,q3
0.077,-0.722556,-7.81944,-0.00501983,-90.615,-0.837212,0.460312,235.132,708.558,q3
0.0775,-0.726468,-7.82466,-0.00465176,-89.8259,-0.831114,0.460015,234.946,702.857,q3
0.078,-0.730381,-7.82917,-0.00428369,-89.0482,-0.825058,0.459759,234.752,697.173,q3
0.0785,-0.734297,-7.83304,-0.00391562,-88.2811,-0.819044,0.459539,234.551,691.51,q3
0.079,-0.738214,-7.83632,-0.00354754,-87.5241,-0.813071,0.459353,234.343,685.867,q3
0.0795,-0.742133,-7.83908,-0.00329132,-86.7762,-0.807139,0.459197,234.128,680.246,q3
0.08,-0.746053,-7.84135,-0.00313978,-86.0374,-0.80125,0.459068,233.906,674.649,q3
0.0805,-0.749974,-7.84314,-0.00298824,-85.3072,-0.795402,0.458966,233.678,669.077,q3
0.081,-0.753896,-7.84448,-0.00283669,-84.5856,-0.789597,0.45889,233.444,663.531,q3
0.0815,-0.757819,-7.84539,-0.00268515,-83.8724,-0.783832,0.458839,233.204,658.011,q3
0.082,-0.761741,-7.84587,-0.0025336,-83.1672,-0.778109,0.458812,232.958,652.519,q3
0.0825,-0.765664,-7.84594,-0.00238206,-82.4701,-0.772427,0.458808,232.706,647.055,q3
0.083,-0.769587,-7.84561,-0.00223052,-81.7807,-0.766785,0.458826,232.45,641.62,q3
0.0835,-0.77351,-7.84491,-0.00207897,-81.0989,-0.761183,0.458866,232.188,636.214,q3
0.084,-0.777432,-7.84385,-0.00192743,-80.4246,-0.755621,0.458926,231.922,630.839,q3
0.0845,-0.781354,-7.84243,-0.00182531,-79.7577,-0.750099,0.459007,231.651,625.494,q3
0.085,-0.785274,-7.84068,-0.0017546,-79.0979,-0.744617,0.459106,231.376,620.181,q3
0.0855,-0.789194,-7.8386,-0.00168389,-78.4453,-0.739175,0.459224,231.097,614.901,q3
0.086,-0.793113,-7.83621,-0.00161318,-77.7996,-0.733772,0.45936,230.815,609.654,q3
0.0865,-0.79703,-7.83351,-0.00154247,-77.1608,-0.728408,0.459513,230.528,604.44,q3
0.087,-0.800946,-7.83053,-0.00147176,-76.5287,-0.723082,0.459682,230.239,599.26,q3
0.0875,-0.804861,-7.82727,-0.00140106,-75.9032,-0.717796,0.459867,229.947,594.115,q3
0.088,-0.808774,-7.82374,-0.00133035,-75.2842,-0.712547,0.460067,229.651,589.004,q3
0.0885,-0.812685,-7.81995,-0.00125964,-74.6717,-0.707337,0.460282,229.354,583.929,q3
0.089,-0.816594,-7.81592,-0.00118893,-74.0654,-0.702164,0.460511,229.053,578.889,q3
0.0895,-0.820501,-7.81165,-0.00114306,-73.4654,-0.697028,0.460754,228.751,573.886,q3
0.09,-0.824405,-7.80715,-0.00110751,-72.8716,-0.69193,0.46101,228.447,568.919,q3
0.0905,-0.828308,-7.80243,-0.00107197,-72.2839,-0.686869,0.461278,228.142,563.99,q3
0.091,-0.832208,-7.7975,-0.00103643,-71.7021,-0.681845,0.461558,227.835,559.097,q3
0.0915,-0.836105,-7.79237,-0.00100089,-71.1263,-0.676857,0.46185,227.527,554.243,q3
0.092,-0.84,-7.78704,-0.000965349,-70.5564,-0.671905,0.462153,227.218,549.426,q3
0.0925,-0.843892,-7.78154,-0.000929807,-69.9923,-0.66699,0.462466,226.908,544.647,q3
0.093,-0.847781,-7.77585,-0.000894266,-69.4339,-0.66211,0.46279,226.599,539.907,q3
0.0935,-0.851668,-7.77,-0.000858724,-68.8811,-0.657266,0.463123,226.288,535.206,q3
0.094,-0.855551,-7.76398,-0.000823183,-68.334,-0.652457,0.463466,225.978,530.544,q3
0.0945,-0.859432,-7.75782,-0.000800722,-67.7924,-0.647683,0.463818,225.668,525.921,q3
0.095,-0.863309,-7.7515,-0.000781514,-67.2563,-0.642944,0.464178,225.359,521.337,q3
0.0955,-0.867183,-7.74505,-0.000762305,-66.7256,-0.63824,0.464546,225.051,516.793,q3
0.096,-0.871054,-7.73846,-0.000743096,-66.2004,-0.633569,0.464922,224.743,512.289,q3
0.0965,-0.874922,-7.73174,-0.000723887,-65.6805,-0.628933,0.465305,224.437,507.824,q3
0.097,-0.878786,-7.72491,-0.000704678,-65.1659,-0.624331,0.465696,224.131,503.4,q3
0.0975,-0.882647,-7.71796,-0.000685469,-64.6565,-0.619762,0.466093,223.828,499.016,q3
0.098,-0.886504,-7.7109,-0.000666261,-64.1524,-0.615227,0.466497,223.526,494.672,q3
0.0985,-0.890358,-7.70374,-0.000647052,-63.6534,-0.610724,0.466906,223.227,490.369,q3
0.099,-0.894208,-7.69648,-0.000627843,-63.1595,-0.606255,0.467322,222.93,486.106,q3
0.0995,-0.898054,-7.68913,-0.000614962,-62.6708,-0.601818,0.467742,222.635,481.884,q3
0.1,-0.901897,-7.68169,-0.000602818,-62.1867,-0.597414,0.468168,222.341,477.699,q3
0.1005,-0.905736,-7.67418,-0.000590673,-61.7062,-0.593041,0.468599,222.046,473.544,q3
0.101,-0.909571,-7.66658,-0.000578529,-61.2293,-0.588701,0.469035,221.748,469.419,q3
0.1015,-0.913402,-7.65891,-0.000566385,-60.7559,-0.584392,0.469475,221.448,465.324,q3
0.102,-0.91723,-7.65117,-0.00055424,-60.286,-0.580115,0.469919,221.146,461.258,q3
0.1025,-0.921053,-7.64336,-0.000542096,-59.8195,-0.575869,0.470367,220.842,457.222,q3
0.103,-0.924873,-7.63549,-0.000529952,-59.3563,-0.571655,0.470819,220.536,453.215,q3
0.1035,-0.928689,-7.62756,-0.000517807,-58.8965,-0.56747,0.471275,220.228,449.237,q3
0.104,-0.932501,-7.61958,-0.000505663,-58.4399,-0.563317,0.471734,219.917,445.288,q3
0.1045,-0.936308,-7.61154,-0.000497283,-57.9866,-0.559194,0.472197,219.605,441.367,q3
0.105,-0.940112,-7.60345,-0.000488938,-57.5365,-0.555101,0.472663,219.291,437.476,q3
0.1055,-0.943912,-7.59531,-0.000480594,-57.0896,-0.551038,0.473132,218.974,433.613,q3
0.106,-0.947708,-7.58712,-0.00047225,-56.6457,-0.547004,0.473603,218.656,429.778,q3
0.1065,-0.951499,-7.57889,-0.000463905,-56.205,-0.543,0.474078,218.336,425.972,q3
0.107,-0.955286,-7.57063,-0.000455561,-55.7673,-0.539026,0.474555,218.014,422.194,q3
0.1075,-0.95907,-7.56232,-0.000447217,-55.3327,-0.53508,0.475034,217.69,418.443,q3
0.108,-0.962849,-7.55398,-0.000438872,-54.901,-0.531163,0.475516,217.364,414.721,q3
0.1085,-0.966624,-7.54561,-0.000430528,-54.4723,-0.527275,0.476,217.036,411.027,q3
0.109,-0.970394,-7.53721,-0.000422376,-54.0465,-0.523416,0.476485,216.706,407.36,q3
0.1095,-0.974161,-7.52878,-0.000416282,-53.6236,-0.519584,0.476973,216.374,403.72,q3
0.11,-0.977923,-7.52032,-0.000410188,-53.2036,-0.515781,0.477463,216.041,400.108,q3
0.1105,-0.981681,-7.51184,-0.000404094,-52.7864,-0.512005,0.477954,215.706,396.523,q3
0.111,-0.985435,-7.50333,-0.000398001,-52.3721,-0.508257,0.478447,215.369,392.965,q3
0.1115,-0.989184,-7.49481,-0.000391907,-51.9605,-0.504536,0.478941,215.03,389.434,q3
0.112,-0.99293,-7.48626,-0.000385813,-51.5517,-0.500843,0.479437,214.689,385.93,q3
0.1125,-0.996671,-7.4777,-0.000379719,-51.1457,-0.497177,0.479934,214.347,382.452,q3
0.113,-1.00041,-7.46912,-0.000373625,-50.7424,-0.493537,0.480432,214.003,379.001,q3
0.1135,-1.00414,-7.46053,-0.000367532,-50.3418,-0.489924,0.480931,213.657,375.576,q3
0.114,-1.00787,-7.45193,-0.000361697,-49.9439,-0.486338,0.481431,213.309,372.178,q3
0.1145,-1.01159,-7.44331,-0.000357044,-49.5486,-0.482778,0.481932,212.96,368.806,q3
0.115,-1.01531,-7.43468,-0.000352392,-49.156,-0.479243,0.482434,212.609,365.459,q3
0.1155,-1.01903,-7.42605,-0.000347739,-48.766,-0.475735,0.482937,212.257,362.138,q3
0.116,-1.02274,-7.41741,-0.000343086,-48.3786,-0.472252,0.48344,211.902,358.843,q3
0.1165,-1.02644,-7.40876,-0.000338433,-47.9937,-0.468795,0.483945,211.547,355.574,q3
0.117,-1.03015,-7.40011,-0.00033378,-47.6115,-0.465363,0.484449,211.189,352.33,q3
0.1175,-1.03384,-7.39145,-0.000329127,-47.2318,-0.461956,0.484954,210.83,349.111,q3
0.118,-1.03754,-7.38279,-0.000324474,-46.8546,-0.458574,0.48546,210.469,345.918,q3
0.1185,-1.04123,-7.37413,-0.000319821,-46.4799,-0.455217,0.485966,210.107,342.749,q3
0.119,-1.04491,-7.36547,-0.000315436,-46.1077,-0.451885,0.486472,209.743,339.605,q3
0.1195,-1.04859,-7.35681,-0.000311756,-45.738,-0.448576,0.486979,209.378,336.486,q3
0.12,-1.05227,-7.34815,-0.000308077,-45.3708,-0.445292,0.487485,209.011,333.391,q3
0.1205,-1.05594,-7.3395,-0.000304397,-45.006,-0.442033,0.487992,208.643,330.321,q3
0.121,-1.05961,-7.33084,-0.000300717,-44.6436,-0.438796,0.488499,208.273,327.275,q3
0.1215,-1.06327,-7.32219,-0.000297038,-44.2837,-0.435584,0.489006,207.901,324.254,q3
0.122,-1.06693,-7.31355,-0.000293358,-43.9261,-0.432395,0.489513,207.529,321.256,q3
0.1225,-1.07058,-7.30491,-0.000289679,-43.571,-0.42923,0.49002,207.154,318.282,q3
0.123,-1.07424,-7.29627,-0.000285999,-43.2182,-0.426087,0.490527,206.778,315.332,q3
0.1235,-1.07788,-7.28765,-0.00028232,-42.8678,-0.422968,0.491034,206.401,312.405,q3
0.124,-1.08152,-7.27903,-0.000278894,-42.5197,-0.419871,0.491541,206.023,309.502,q3
0.1245,-1.08516,-7.27041,-0.000275903,-42.174,-0.416797,0.492047,205.643,306.622,q3
0.125,-1.08879,-7.26181,-0.000272911,-41.8305,-0.413746,0.492553,205.261,303.766,q3
0.1255,-1.09242,-7.25322,-0.000269919,-41.4894,-0.410717,0.493059,204.878,300.932,q3
0.126,-1.09605,-7.24463,-0.000266928,-41.1506,-0.40771,0.493565,204.494,298.121,q3
0.1265,-1.09967,-7.23606,-0.000263936,-40.8141,-0.404725,0.49407,204.109,295.333,q3
0.127,-1.10328,-7.2275,-0.000260945,-40.4797,-0.401762,0.494575,203.722,292.567,q3
0.1275,-1.10689,-7.21895,-0.000257953,-40.1472,-0.39882,0.495079,203.331,289.821,q3
0.128,-1.1105,-7.21041,-0.000254961,-39.8165,-0.3959,0.495584,202.937,287.093,q3
0.1285,-1.1141,-7.20188,-0.00025197,-39.4876,-0.393002,0.496087,202.539,284.385,q3
0.129,-1.1177,-7.19336,-0.000249213,-39.1605,-0.390125,0.49659,202.137,281.696,q3
0.1295,-1.1213,-7.18486,-0.000246728,-38.8352,-0.387268,0.497093,201.733,279.026,q3
0.13,-1.12489,-7.17637,-0.000244243,-38.5118,-0.384433,0.497595,201.325,276.375,q3
0.1305,-1.12847,-7.16789,-0.000241757,-38.1903,-0.381619,0.498097,200.913,273.744,q3
0.131,-1.13206,-7.15942,-0.000239272,-37.8706,-0.378825,0.498599,200.499,271.131,q3
0.1315,-1.13563,-7.15097,-0.000236787,-37.5527,-0.376051,0.499099,200.082,268.539,q3
0.132,-1.13921,-7.14253,-0.000234302,-37.2368,-0.373298,0.4996,199.662,265.965,q3
0.1325,-1.14278,-7.13411,-0.000231816,-36.9227,-0.370565,0.500099,199.239,263.411,q3
0.133,-1.14634,-7.1257,-0.000229331,-36.6106,-0.367852,0.500598,198.813,260.876,q3
0.1335,-1.1499,-7.1173,-0.000226846,-36.3004,-0.365158,0.501097,198.385,258.361,q3
0.134,-1.15346,-7.10892,-0.000224576,-35.9921,-0.362485,0.501595,197.954,255.865,q3
0.1345,-1.15701,-7.10056,-0.000222476,-35.6857,-0.359831,0.502092,197.521,253.388,q3
0.135,-1.16056,-7.09221,-0.000220376,-35.3813,-0.357197,0.502588,197.085,250.931,q3
0.1355,-1.1641,-7.08388,-0.000218275,-35.0787,-0.354581,0.503084,196.647,248.494,q3
0.136,-1.16764,-7.07557,-0.000216175,-34.7782,-0.351985,0.503579,196.207,246.075,q3
0.1365,-1.17118,-7.06728,-0.000214075,-34.4795,-0.349408,0.504073,195.765,243.676,q3
0.137,-1.17471,-7.05901,-0.000211975,-34.1828,-0.34685,0.504565,195.321,241.297,q3
0.1375,-1.17824,-7.05076,-0.000209875,-33.8881,-0.344311,0.505057,194.875,238.937,q3
0.138,-1.18176,-7.04254,-0.000207775,-33.5953,-0.34179,0.505548,194.427,236.596,q3
0.1385,-1.18528,-7.03433,-0.000205675,-33.3044,-0.339287,0.506037,193.978,234.274,q3
0.139,-1.1888,-7.02616,-0.000203771,-33.0155,-0.336803,0.506526,193.527,231.972,q3
0.1395,-1.19231,-7.018,-0.000201972,-32.7286,-0.334337,0.507013,193.074,229.689,q3
0.14,-1.19581,-7.00987,-0.000200173,-32.4436,-0.331889,0.507499,192.62,227.426,q3
0.1405,-1.19932,-7.00177,-0.000198374,-32.1606,-0.329459,0.507983,192.164,225.181,q3
0.141,-1.20282,-6.99368,-0.000196575,-31.8796,-0.327047,0.508467,191.708,222.956,q3
0.1415,-1.20631,-6.98563,-0.000194776,-31.6005,-0.324653,0.508949,191.249,220.749,q3
0.142,-1.2098,-6.9776,-0.000192977,-31.3234,-0.322276,0.50943,190.79,218.562,q3
0.1425,-1.21329,-6.96959,-0.000191178,-31.0483,-0.319916,0.50991,190.33,216.394,q3
0.143,-1.21677,-6.96161,-0.000189378,-30.7751,-0.317574,0.510388,189.869,214.244,q3
0.1435,-1.22025,-6.95365,-0.000187579,-30.5039,-0.315249,0.510866,189.407,212.114,q3
0.144,-1.22372,-6.94575,-0.00018596,-30.2346,-0.312941,0.51134,188.944,210.002,q3
0.1445,-1.22719,-6.93826,-0.000184402,-29.966,-0.310649,0.51179,188.48,207.912,q3
0.145,-1.23066,-6.9317,-0.000182843,-29.6961,-0.308375,0.512184,188.016,205.845,q3
0.1455,-1.23413,-6.92654,-0.000181285,-29.4236,-0.306117,0.512494,187.551,203.804,q3
0.146,-1.23759,-6.92325,-0.000179727,-29.1469,-0.303876,0.512691,187.085,201.791,q3
0.1465,-1.24105,-6.92227,-0.000178168,-28.8646,-0.301651,0.51275,186.619,199.809,q3
0.147,-1.24451,-6.92403,-0.00017661,-28.5756,-0.299442,0.512644,186.151,197.859,q3
0.1475,-1.24797,-6.92892,-0.000175051,-28.2788,-0.29725,0.512351,185.683,195.942,q3
0.148,-1.25144,-6.93732,-0.000173493,-27.9732,-0.295074,0.511846,185.213,194.059,q3
0.1485,-1.25491,-6.94958,-0.000171934,-27.658,-0.292913,0.51111,184.742,192.211,q3
0.149,-1.25839,-6.96608,-0.000170543,-27.3322,-0.290769,0.510121,184.27,190.398,q3
0.1495,-1.26188,-6.98745,-0.000169183,-26.9943,-0.28864,0.50884,183.796,188.622,q3
0.15,-1.26538,-7.01439,-0.000167823,-26.6426,-0.286526,0.507229,183.319,186.882,q3
0.1505,-1.2689,-7.04754,-0.000166462,-26.2755,-0.284428,0.505249,182.841,185.178,q3
0.151,-1.27243,-7.08751,-0.000165102,-25.8919,-0.282346,0.502868,182.359,183.509,q3
0.1515,-1.27598,-7.13481,-0.000163742,-25.4907,-0.280279,0.500058,181.875,181.872,q3
0.152,-1.27956,-7.18993,-0.000162382,-25.0714,-0.278227,0.496793,181.386,180.262,q3
0.1525,-1.28318,-7.25328,-0.000161022,-24.6336,-0.276189,0.493056,180.894,178.674,q3
0.153,-1.28682,-7.3252,-0.000159661,-24.1771,-0.274167,0.48883,180.397,177.102,q3
0.1535,-1.2905,-7.40597,-0.000158301,-23.7021,-0.27216,0.484107,179.896,175.537,q3
0.154,-1.29423,-7.49548,-0.000157095,-23.2098,-0.270167,0.478902,179.387,173.968,q3
0.1545,-1.298,-7.59176,-0.000155898,-22.7065,-0.268189,0.473336,178.871,172.382,q3
0.155,-1.30182,-7.69246,-0.000154702,-22.1994,-0.266225,0.467552,178.346,170.768,q3
0.1555,-1.30569,-7.79533,-0.000153506,-21.6951,-0.264276,0.461681,177.812,169.12,q3
0.156,-1.30961,-7.89829,-0.00015231,-21.1991,-0.262341,0.455846,177.269,167.437,q3
0.1565,-1.31359,-7.99933,-0.000151113,-20.7166,-0.26042,0.450157,176.717,165.719,q3
0.157,-1.31761,-8.0966,-0.000149917,-20.2519,-0.258514,0.444716,176.157,163.971,q3
0.1575,-1.32169,-8.18838,-0.000148721,-19.8088,-0.256621,0.439614,175.588,162.202,q3
0.158,-1.3258,-8.27306,-0.000147525,-19.3905,-0.254742,0.434935,175.01,160.419,q3
0.1585,-1.32996,-8.34916,-0.000146333,-18.9997,-0.252877,0.430753,174.425,158.632,q3
0.159,-1.33415,-8.41556,-0.000145261,-18.6381,-0.251025,0.427121,173.833,156.85,q3
0.1595,-1.33837,-8.47214,-0.000144189,-18.3049,-0.249187,0.424039,173.235,155.082,q3
0.16,-1.34262,-8.51898,-0.000143118,-17.999,-0.247363,0.421497,172.631,153.333,q3
0.1605,-1.34689,-8.5562,-0.000142046,-17.7191,-0.245552,0.419483,172.022,151.608,q3
0.161,-1.35117,-8.58392,-0.000140974,-17.464,-0.243754,0.417985,171.408,149.91,q3
0.1615,-1.35547,-8.60231,-0.000139903,-17.2328,-0.241969,0.416994,170.791,148.242,q3
0.162,-1.35977,-8.61152,-0.000138831,-17.0242,-0.240198,0.416498,170.171,146.604,q3
0.1625,-1.36408,-8.61173,-0.000137759,-16.8373,-0.238439,0.416487,169.549,144.998,q3
0.163,-1.36838,-8.60313,-0.000136688,-16.671,-0.236693,0.41695,168.925,143.423,q3
0.1635,-1.37268,-8.58593,-0.000135629,-16.5244,-0.23496,0.417877,168.299,141.877,q3
0.164,-1.37697,-8.56024,-0.000134657,-16.3967,-0.23324,0.419264,167.674,140.36,q3
0.1645,-1.38124,-8.52601,-0.000133686,-16.2876,-0.231532,0.421116,167.049,138.868,q3
0.165,-1.38549,-8.48319,-0.000132714,-16.1968,-0.229837,0.423439,166.425,137.4,q3
0.1655,-1.38972,-8.43177,-0.000131743,-16.1239,-0.228154,0.426237,165.802,135.953,q3
0.166,-1.39392,-8.37179,-0.000130771,-16.0685,-0.226484,0.429513,165.182,134.522,q3
0.1665,-1.39809,-8.30332,-0.0001298,-16.0303,-0.224825,0.43327,164.565,133.104,q3
0.167,-1.40223,-8.22647,-0.000128828,-16.0086,-0.223179,0.437507,163.951,131.694,q3
0.1675,-1.40632,-8.14137,-0.000127856,-16.003,-0.221545,0.442223,163.342,130.287,q3
0.168,-1.41037,-8.04819,-0.000126885,-16.0131,-0.219923,0.447419,162.738,128.876,q3
0.1685,-1.41436,-7.94712,-0.000125932,-16.0382,-0.218313,0.453091,162.14,127.457,q3
0.169,-1.41831,-7.83853,-0.000125046,-16.0775,-0.216714,0.459228,161.548,126.024,q3
0.1695,-1.4222,-7.72316,-0.000124159,-16.1294,-0.215128,0.465796,160.963,124.57,q3
0.17,-1.42603,-7.60173,-0.000123272,-16.1925,-0.213553,0.472762,160.386,123.091,q3
0.1705,-1.4298,-7.47493,-0.000122386,-16.2653,-0.211989,0.480095,159.817,121.582,q3
0.171,-1.43351,-7.34337,-0.000121499,-16.3466,-0.210437,0.487765,159.256,120.039,q3
0.1715,-1.43715,-7.20766,-0.000120612,-16.4353,-0.208896,0.495746,158.704,118.46,q3
0.172,-1.44072,-7.06848,-0.000119726,-16.53,-0.207367,0.504001,158.162,116.842,q3
0.1725,-1.44421,-6.92771,-0.000118839,-16.627,-0.205848,0.512424,157.629,115.187,q3
0.173,-1.44764,-6.78601,-0.000117952,-16.725,-0.204341,0.520975,157.106,113.496,q3
0.1735,-1.451,-6.64384,-0.00011709,-16.8232,-0.202845,0.52963,156.593,111.771,q3
0.174,-1.45429,-6.50156,-0.000116281,-16.9209,-0.20136,0.538365,156.089,110.012,q3
0.1745,-1.4575,-6.35955,-0.000115471,-17.0174,-0.199885,0.547157,155.596,108.223,q3
0.175,-1.46065,-6.21811,-0.000114662,-17.1121,-0.198422,0.555986,155.113,106.405,q3
0.1755,-1.46372,-6.07752,-0.000113852,-17.2045,-0.196969,0.564834,154.64,104.56,q3
0.176,-1.46672,-5.93802,-0.000113043,-17.2941,-0.195527,0.573683,154.177,102.693,q3
0.1765,-1.46966,-5.79983,-0.000112233,-17.3806,-0.194095,0.582517,153.724,100.805,q3
0.177,-1.47252,-5.66315,-0.000111424,-17.4637,-0.192674,0.591321,153.281,98.8993,q3
0.1775,-1.47532,-5.52812,-0.000110614,-17.5429,-0.191264,0.600082,152.848,96.9794,q3
0.178,-1.47805,-5.3949,-0.000109805,-17.6182,-0.189863,0.608788,152.424,95.0484,q3
0.1785,-1.48072,-5.26359,-0.000109024,-17.6893,-0.188473,0.617428,152.011,93.1091,q3
0.179,-1.48332,-5.13429,-0.000108285,-17.756,-0.187093,0.625993,151.607,91.1646,q3
0.1795,-1.48585,-5.00709,-0.000107546,-17.8183,-0.185723,0.634474,151.212,89.2179,q3
0.18,-1.48832,-4.88204,-0.000106806,-17.8761,-0.184363,0.642863,150.827,87.2717,q3
0.1805,-1.49073,-4.7592,-0.000106067,-17.9292,-0.183014,0.651153,150.451,85.3288,q3
0.181,-1.49308,-4.63884,-0.000105328,-17.9773,-0.181674,0.659324,150.084,83.3939,q3
0.1815,-1.49537,-4.52113,-0.000104589,-18.02,-0.180343,0.667359,149.725,81.4707,q3
0.182,-1.4976,-4.40605,-0.000103849,-18.0574,-0.179023,0.675256,149.375,79.5617,q3
0.1825,-1.49978,-4.2936,-0.00010311,-18.0895,-0.177712,0.683012,149.033,77.6692,q3
0.183,-1.5019,-4.18374,-0.000102371,-18.1166,-0.176411,0.690626,148.699,75.7951,q3
0.1835,-1.50396,-4.07646,-0.000101664,-18.1386,-0.175119,0.698096,148.373,73.9412,q3
0.184,-1.50598,-3.97172,-0.000100989,-18.1557,-0.173837,0.705422,148.054,72.1093,q3
0.1845,-1.50794,-3.86947,-0.000100313,-18.168,-0.172564,0.712604,147.744,70.3007,q3
0.185,-1.50985,-3.76967,-9.96379e-05,-18.1758,-0.171301,0.719642,147.44,68.5167,q3
0.1855,-1.51171,-3.67228,-9.89625e-05,-18.179,-0.170047,0.726537,147.145,66.7584,q3
0.186,-1.51352,-3.57723,-9.82871e-05,-18.1779,-0.168802,0.733292,146.856,65.0267,q3
0.1865,-1.51528,-3.48447,-9.76118e-05,-18.1727,-0.167566,0.739906,146.574,63.3223,q3
0.187,-1.517,-3.39395,-9.69364e-05,-18.1634,-0.166339,0.746383,146.299,61.6458,q3
0.1875,-1.51868,-3.3056,-9.6261e-05,-18.1503,-0.165121,0.752725,146.031,59.9978,q3
0.188,-1.52031,-3.21937,-9.55856e-05,-18.1336,-0.163912,0.758934,145.77,58.3786,q3
0.1885,-1.5219,-3.13519,-9.49449e-05,-18.1132,-0.162712,0.765013,145.515,56.7884,q3
0.189,-1.52344,-3.05299,-9.43272e-05,-18.0896,-0.161521,0.770965,145.266,55.2273,q3
0.1895,-1.52495,-2.97273,-9.37094e-05,-18.0627,-0.160338,0.776793,145.024,53.6953,q3
0.19,-1.52642,-2.89432,-9.30916e-05,-18.0327,-0.159164,0.7825,144.788,52.1925,q3
0.1905,-1.52785,-2.81772,-9.24739e-05,-17.9999,-0.157999,0.788089,144.557,50.7186,q3
0.191,-1.52924,-2.74286,-9.18561e-05,-17.9643,-0.156842,0.793564,144.333,49.2735,q3
0.1915,-1.53059,-2.66967,-9.12383e-05,-17.9261,-0.155694,0.798928,144.114,47.8568,q3
0.192,-1.53191,-2.59811,-9.06206e-05,-17.8854,-0.154554,0.804184,143.901,46.4683,q3
0.1925,-1.53319,-2.5281,-9.00028e-05,-17.8425,-0.153422,0.809336,143.694,45.1075,q3
0.193,-1.53443,-2.45959,-8.9385e-05,-17.7973,-0.152299,0.814388,143.492,43.774,q3
0.1935,-1.53565,-2.39252,-8.88034e-05,-17.7501,-0.151184,0.819342,143.295,42.4674,q3
0.194,-1.53683,-2.32683,-8.82376e-05,-17.7009,-0.150077,0.824203,143.103,41.1871,q3
0.1945,-1.53797,-2.26247,-8.76717e-05,-17.65,-0.148978,0.828973,142.917,39.9327,q3
0.195,-1.53909,-2.19939,-8.71059e-05,-17.5974,-0.147887,0.833656,142.735,38.7035,q3
0.1955,-1.54017,-2.13754,-8.654e-05,-17.5432,-0.146804,0.838254,142.559,37.4992,q3
0.196,-1.54123,-2.07687,-8.59742e-05,-17.4875,-0.14573,0.842771,142.387,36.3192,q3
0.1965,-1.54225,-2.01734,-8.54083e-05,-17.4304,-0.144663,0.84721,142.22,35.163,q3
0.197,-1.54324,-1.95891,-8.48425e-05,-17.372,-0.143603,0.851571,142.058,34.0302,q3
0.1975,-1.54421,-1.90154,-8.42766e-05,-17.3124,-0.142552,0.855859,141.9,32.9204,q3
0.198,-1.54515,-1.8452,-8.37108e-05,-17.2517,-0.141508,0.860076,141.747,31.8328,q3
0.1985,-1.54606,-1.78983,-8.3182e-05,-17.19,-0.140472,0.864224,141.598,30.7671,q3
0.199,-1.54694,-1.73541,-8.2663e-05,-17.1272,-0.139444,0.868306,141.454,29.7227,q3
0.1995,-1.54779,-1.68189,-8.2144e-05,-17.0636,-0.138423,0.872324,141.314,28.6991,q3
0.2,-1.54862,-1.62924,-8.1625e-05,-16.9992,-0.137409,0.876281,141.179,27.6957,q3
0.2005,-1.54942,-1.57741,-8.1106e-05,-16.934,-0.136403,0.88018,141.047,26.712,q3
0.201,-1.5502,-1.52639,-8.0587e-05,-16.8682,-0.135404,0.884022,140.92,25.7474,q3
0.2015,-1.55095,-1.47612,-8.0068e-05,-16.8017,-0.134413,0.88781,140.797,24.8014,q3
0.202,-1.55167,-1.42658,-7.9549e-05,-16.7347,-0.133429,0.891546,140.678,23.8735,q3
0.2025,-1.55237,-1.37774,-7.903e-05,-16.6672,-0.132452,0.895233,140.562,22.9631,q3
0.203,-1.55305,-1.32955,-7.8511e-05,-16.5993,-0.131482,0.898872,140.451,22.0697,q3
0.2035,-1.5537,-1.282,-7.80296e-05,-16.531,-0.13052,0.902467,140.344,21.1928,q3
0.204,-1.55433,-1.23505,-7.75531e-05,-16.4624,-0.129564,0.906018,140.24,20.3319,q3
0.2045,-1.55494,-1.18867,-7.70765e-05,-16.3936,-0.128615,0.909528,140.141,19.4865,q3
0.205,-1.55552,-1.14283,-7.66e-05,-16.3244,-0.127674,0.912999,140.045,18.6561,q3
0.2055,-1.55608,-1.09752,-7.61234e-05,-16.2552,-0.126739,0.916434,139.952,17.8403,q3
0.206,-1.55662,-1.05269,-7.56468e-05,-16.1857,-0.125811,0.919832,139.864,17.0386,q3
0.2065,-1.55713,-1.00833,-7.51703e-05,-16.1162,-0.12489,0.923197,139.779,16.2505,q3
0.207,-1.55763,-0.964416,-7.46937e-05,-16.0467,-0.123976,0.92653,139.698,15.4757,q3
0.2075,-1.5581,-0.92092,-7.42172e-05,-15.9771,-0.123068,0.929833,139.62,14.7136,q3
0.208,-1.55855,-0.877821,-7.37406e-05,-15.9075,-0.122167,0.933107,139.546,13.9639,q3
0.2085,-1.55898,-0.835098,-7.3302e-05,-15.8379,-0.121272,0.936354,139.475,13.2262,q3
0.209,-1.55938,-0.792733,-7.28641e-05,-15.7684,-0.120384,0.939575,139.408,12.5002,q3
0.2095,-1.55977,-0.750704,-7.24262e-05,-15.6991,-0.119503,0.942772,139.344,11.7854,q3
0.21,-1.56013,-0.708995,-7.19883e-05,-15.6298,-0.118628,0.945945,139.284,11.0815,q3
0.2105,-1.56048,-0.667588,-7.15504e-05,-15.5607,-0.11776,0.949097,139.227,10.3882,q3
0.211,-1.5608,-0.626465,-7.11125e-05,-15.4918,-0.116897,0.952228,139.174,9.70508,q3
0.2115,-1.5611,-0.585612,-7.06746e-05,-15.4231,-0.116041,0.955339,139.123,9.03194,q3
0.212,-1.56139,-0.545013,-7.02367e-05,-15.3546,-0.115192,0.958432,139.077,8.36843,q3
0.2125,-1.56165,-0.504654,-6.97988e-05,-15.2863,-0.114348,0.961507,139.033,7.71428,q3
0.213,-1.56189,-0.464522,-6.93635e-05,-15.2182,-0.113511,0.964565,138.993,7.0692,q3
0.2135,-1.56211,-0.424603,-6.8961e-05,-15.1505,-0.11268,0.967608,138.957,6.43294,q3
0.214,-1.56232,-0.384888,-6.85584e-05,-15.083,-0.111855,0.970636,138.923,5.80525,q3
0.2145,-1.5625,-0.345362,-6.81559e-05,-15.0158,-0.111036,0.97365,138.893,5.18589,q3
0.215,-1.56266,-0.306017,-6.77533e-05,-14.9489,-0.110223,0.976651,138.866,4.57462,q3
0.2155,-1.5628,-0.266843,-6.73508e-05,-14.8823,-0.109416,0.979639,138.842,3.97123,q3
0.216,-1.56293,-0.227829,-6.69482e-05,-14.816,-0.108615,0.982615,138.822,3.37552,q3
0.2165,-1.56303,-0.188968,-6.65457e-05,-14.7501,-0.10782,0.98558,138.805,2.78729,q3
0.217,-1.56312,-0.15025,-6.61431e-05,-14.6845,-0.107031,0.988534,138.791,2.20635,q3
0.2175,-1.56318,-0.111668,-6.57406e-05,-14.6193,-0.106247,0.991478,138.78,1.63251,q3
0.218,-1.56323,-0.0732159,-6.53436e-05,-14.5544,-0.105469,0.994413,138.772,1.06561,q3
0.2185,-1.56326,-0.034886,-6.49735e-05,-14.4899,-0.104697,0.997338,138.768,0.505493,q3
0.219,-1.56326,0.00332776,-6.46034e-05,-14.4257,-0.10393,1.00025,138.766,-0.0480053,q3
0.2195,-1.56325,0.041431,-6.42333e-05,-14.3619,-0.103169,1.00316,138.768,-0.595028,q3
0.22,-1.56322,0.0794291,-6.38632e-05,-14.2985,-0.102414,1.00606,138.773,-1.13572,q3
0.2205,-1.56317,0.117327,-6.34931e-05,-14.2354,-0.101664,1.00895,138.781,-1.6702,q3
0.221,-1.56311,0.155129,-6.3123e-05,-14.1728,-0.10092,1.01184,138.793,-2.19861,q3
0.2215,-1.56302,0.19284,-6.27529e-05,-14.1105,-0.100181,1.01472,138.807,-2.72106,q3
0.222,-1.56291,0.230463,-6.23828e-05,-14.0485,-0.0994476,1.01759,138.824,-3.23767,q3
0.2225,-1.56279,0.268001,-6.20127e-05,-13.987,-0.0987195,1.02045,138.845,-3.74854,q3
0.223,-1.56264,0.305459,-6.16505e-05,-13.9259,-0.0979968,1.02331,138.869,-4.25378,q3
0.2235,-1.56248,0.342836,-6.13102e-05,-13.8651,-0.0972793,1.02616,138.896,-4.75346,q3
0.224,-1.5623,0.380131,-6.09699e-05,-13.8047,-0.0965671,1.029,138.926,-5.2476,q3
0.2245,-1.5621,0.417343,-6.06297e-05,-13.7447,-0.0958601,1.03184,138.958,-5.73625,q3
0.225,-1.56188,0.454472,-6.02894e-05,-13.685,-0.0951583,1.03467,138.995,-6.21945,q3
0.2255,-1.56165,0.491515,-5.99491e-05,-13.6257,-0.0944616,1.03749,139.034,-6.69725,q3
0.226,-1.56139,0.528474,-5.96089e-05,-13.5668,-0.09377,1.04031,139.076,-7.1697,q3
0.2265,-1.56112,0.565346,-5.92686e-05,-13.5082,-0.0930835,1.04312,139.121,-7.63683,q3
0.227,-1.56083,0.602133,-5.89283e-05,-13.45,-0.092402,1.04592,139.169,-8.0987,q3
0.2275,-1.56052,0.638834,-5.85881e-05,-13.3921,-0.0917255,1.04871,139.22,-8.55536,q3
0.228,-1.56019,0.675449,-5.82577e-05,-13.3346,-0.0910539,1.0515,139.275,-9.00686,q3
0.2285,-1.55984,0.711977,-5.79449e-05,-13.2775,-0.0903873,1.05428,139.332,-9.45325,q3
0.229,-1.55948,0.748419,-5.76321e-05,-13.2206,-0.0897255,1.05705,139.392,-9.89458,q3
0.2295,-1.55909,0.784776,-5.73193e-05,-13.1641,-0.0890686,1.05982,139.456,-10.3309,q3
0.23,-1.55869,0.821047,-5.70065e-05,-13.108,-0.0884165,1.06258,139.522,-10.7623,q3
0.2305,-1.55827,0.857232,-5.66937e-05,-13.0522,-0.0877692,1.06533,139.591,-11.1888,q3
0.231,-1.55783,0.893333,-5.63809e-05,-12.9967,-0.0871266,1.06807,139.663,-11.6104,q3
0.2315,-1.55738,0.929349,-5.60681e-05,-12.9416,-0.0864888,1.07081,139.738,-12.0272,q3
0.232,-1.55691,0.965282,-5.57553e-05,-12.8867,-0.0858556,1.07354,139.816,-12.4393,q3
0.2325,-1.55641,1.00113,-5.54425e-05,-12.8322,-0.085227,1.07626,139.898,-12.8468,q3
0.233,-1.5559,1.0369,-5.51413e-05,-12.7781,-0.084603,1.07897,139.981,-13.2495,q3
0.2335,-1.55538,1.07258,-5.48538e-05,-12.7242,-0.0839836,1.08168,140.068,-13.6478,q3
0.234,-1.55483,1.10818,-5.45664e-05,-12.6707,-0.0833688,1.08437,140.158,-14.0414,q3
0.2345,-1.55427,1.1437,-5.4279e-05,-12.6175,-0.0827584,1.08707,140.251,-14.4307,q3
0.235,-1.55369,1.17914,-5.39916e-05,-12.5646,-0.0821525,1.08975,140.346,-14.8155,q3
0.2355,-1.55309,1.2145,-5.37042e-05,-12.512,-0.0815511,1.09243,140.445,-15.1959,q3
0.236,-1.55247,1.24978,-5.34168e-05,-12.4597,-0.080954,1.0951,140.546,-15.572,q3
0.2365,-1.55184,1.28499,-5.31293e-05,-12.4078,-0.0803613,1.09776,140.65,-15.9438,q3
0.237,-1.55119,1.32011,-5.28419e-05,-12.3561,-0.079773,1.10041,140.757,-16.3115,q3
0.2375,-1.55052,1.35516,-5.25545e-05,-12.3048,-0.079189,1.10306,140.867,-16.6749,q3
0.238,-1.54983,1.39013,-5.228e-05,-12.2537,-0.0786092,1.1057,140.979,-17.0343,q3
0.2385,-1.54913,1.42503,-5.20161e-05,-12.203,-0.0780337,1.10834,141.095,-17.3896,q3
0.239,-1.54841,1.45985,-5.17523e-05,-12.1525,-0.0774624,1.11096,141.213,-17.7408,q3
0.2395,-1.54767,1.4946,-5.14884e-05,-12.1023,-0.0768953,1.11358,141.334,-18.0882,q3
0.24,-1.54691,1.52927,-5.12245e-05,-12.0525,-0.0763323,1.1162,141.458,-18.4315,q3
0.2405,-1.54614,1.56388,-5.09606e-05,-12.0029,-0.0757735,1.1188,141.584,-18.771,q3
0.241,-1.54535,1.59841,-5.06967e-05,-11.9536,-0.0752188,1.1214,141.714,-19.1067,q3
0.2415,-1.54454,1.63287,-5.04329e-05,-11.9046,-0.0746681,1.12399,141.846,-19.4386,q3
0.242,-1.54372,1.66726,-5.0169e-05,-11.8559,-0.0741214,1.12658,141.981,-19.7668,q3
0.2425,-1.54288,1.70158,-4.99051e-05,-11.8074,-0.0735788,1.12915,142.118,-20.0912,q3
0.243,-1.54202,1.73583,-4.96553e-05,-11.7593,-0.0730401,1.13173,142.258,-20.4121,q3
0.2435,-1.54114,1.77001,-4.94134e-05,-11.7114,-0.0725054,1.13429,142.401,-20.7293,q3
0.244,-1.54025,1.80413,-4.91714e-05,-11.6638,-0.0719746,1.13685,142.547,-21.043,q3
0.2445,-1.53934,1.83818,-4.89295e-05,-11.6164,-0.0714477,1.1394,142.695,-21.3531,q3
0.245,-1.53841,1.87217,-4.86875e-05,-11.5694,-0.0709246,1.14194,142.846,-21.6598,q3
0.2455,-1.53746,1.90609,-4.84455e-05,-11.5226,-0.0704054,1.14448,143,-21.963,q3
0.246,-1.5365,1.93994,-4.82036e-05,-11.476,-0.0698899,1.14701,143.156,-22.2628,q3
0.2465,-1.53552,1.97374,-4.79616e-05,-11.4298,-0.0693783,1.14954,143.315,-22.5593,q3
0.247,-1.53453,2.00747,-4.77196e-05,-11.3838,-0.0688704,1.15205,143.476,-22.8525,q3
0.2475,-1.53352,2.04114,-4.74777e-05,-11.338,-0.0683662,1.15457,143.64,-23.1424,q3
0.248,-1.53249,2.07474,-4.72509e-05,-11.2925,-0.0678657,1.15707,143.807,-23.4291,q3
0.2485,-1.53144,2.10829,-4.70294e-05,-11.2473,-0.0673688,1.15957,143.976,-23.7125,q3
0.249,-1.53038,2.14178,-4.68079e-05,-11.2023,-0.0668756,1.16206,144.148,-23.9929,q3
0.2495,-1.5293,2.17521,-4.65865e-05,-11.1576,-0.066386,1.16455,144.323,-24.27,q3
0.25,-1.5282,2.20859,-4.6365e-05,-11.1131,-0.0659,1.16703,144.5,-24.5442,q3
0.2505,-1.52709,2.2419,-4.61435e-05,-11.0688,-0.0654176,1.1695,144.679,-24.8152,q3
0.251,-1.52596,2.27516,-4.59221e-05,-11.0248,-0.0649387,1.17197,144.861,-25.0833,q3
0.2515,-1.52482,2.30837,-4.57006e-05,-10.9811,-0.0644633,1.17443,145.046,-25.3483,q3
0.252,-1.52365,2.34152,-4.54791e-05,-10.9376,-0.0639914,1.17688,145.233,-25.6105,q3
0.2525,-1.52247,2.37461,-4.52577e-05,-10.8943,-0.0635229,1.17933,145.422,-25.8697,q3
0.253,-1.52128,2.40765,-4.50523e-05,-10.8512,-0.0630579,1.18178,145.614,-26.126,q3
0.2535,-1.52007,2.44065,-4.485e-05,-10.8084,-0.0625962,1.18421,145.809,-26.3795,q3
0.254,-1.51884,2.47359,-4.46478e-05,-10.7658,-0.062138,1.18664,146.006,-26.6302,q3
0.2545,-1.51759,2.50647,-4.44456e-05,-10.7235,-0.0616831,1.18907,146.205,-26.8781,q3
0.255,-1.51633,2.53931,-4.42434e-05,-10.6814,-0.0612315,1.19149,146.407,-27.1233,q3
0.2555,-1.51505,2.5721,-4.40412e-05,-10.6395,-0.0607833,1.1939,146.611,-27.3658,q3
0.256,-1.51376,2.60484,-4.3839e-05,-10.5978,-0.0603383,1.19631,146.817,-27.6055,q3
0.2565,-1.51245,2.63754,-4.36368e-05,-10.5563,-0.0598966,1.19871,147.026,-27.8427,q3
0.257,-1.51112,2.67019,-4.34346e-05,-10.5151,-0.0594581,1.20111,147.238,-28.0772,q3
0.2575,-1.50978,2.70279,-4.32324e-05,-10.474,-0.0590228,1.2035,147.451,-28.3091,q3
0.258,-1.50842,2.73535,-4.30471e-05,-10.4332,-0.0585907,1.20589,147.667,-28.5385,q3
0.2585,-1.50704,2.76786,-4.28631e-05,-10.3926,-0.0581618,1.20827,147.885,-28.7653,q3
0.259,-1.50565,2.80033,-4.26791e-05,-10.3522,-0.057736,1.21064,148.106,-28.9896,q3
0.2595,-1.50424,2.83275,-4.2495e-05,-10.312,-0.0573134,1.21301,148.329,-29.2115,q3
0.26,-1.50282,2.86514,-4.2311e-05,-10.2721,-0.0568938,1.21537,148.554,-29.4309,q3
0.2605,-1.50138,2.89748,-4.2127e-05,-10.2323,-0.0564773,1.21773,148.781,-29.6479,q3
0.261,-1.49992,2.92979,-4.1943e-05,-10.1927,-0.0560639,1.22008,149.011,-29.8625,q3
0.2615,-1.49845,2.96205,-4.1759e-05,-10.1533,-0.0556535,1.22243,149.242,-30.0747,q3
0.262,-1.49696,2.99428,-4.1575e-05,-10.1142,-0.055246,1.22477,149.476,-30.2846,q3
0.2625,-1.49545,3.02647,-4.13914e-05,-10.0752,-0.0548416,1.22711,149.713,-30.4922,q3
0.263,-1.49393,3.05862,-4.12247e-05,-10.0364,-0.0544401,1.22944,149.951,-30.6975,q3
0.2635,-1.49239,3.09074,-4.1058e-05,-9.99778,-0.0540416,1.23177,150.191,-30.9005,q3
0.264,-1.49084,3.12282,-4.08913e-05,-9.95936,-0.053646,1.23409,150.434,-31.1013,q3
0.2645,-1.48927,3.15487,-4.07246e-05,-9.92115,-0.0532533,1.23641,150.679,-31.3,q3
0.265,-1.48769,3.18689,-4.05579e-05,-9.88313,-0.0528635,1.23872,150.926,-31.4964,q3
0.2655,-1.48609,3.21887,-4.03912e-05,-9.8453,-0.0524765,1.24103,151.176,-31.6908,q3
0.266,-1.48447,3.25082,-4.02244e-05,-9.80768,-0.0520923,1.24333,151.428,-31.883,q3
0.2665,-1.48283,3.28275,-4.00577e-05,-9.77024,-0.051711,1.24563,151.682,-32.0732,q3
0.267,-1.48118,3.31464,-3.9891e-05,-9.733,-0.0513325,1.24792,151.938,-32.2614,q3
0.2675,-1.47952,3.3465,-3.97263e-05,-9.69595,-0.0509567,1.25021,152.197,-32.4475,q3
0.268,-1.47784,3.37834,-3.95762e-05,-9.65909,-0.0505837,1.2525,152.458,-32.6317,q3
0.2685,-1.47614,3.41015,-3.9426e-05,-9.62241,-0.0502134,1.25478,152.721,-32.8138,q3
0.269,-1.47443,3.44193,-3.92759e-05,-9.58593,-0.0498458,1.25705,152.986,-32.9941,q3
0.2695,-1.4727,3.47369,-3.91258e-05,-9.54962,-0.0494809,1.25932,153.254,-33.1724,q3
0.27,-1.47095,3.50542,-3.89757e-05,-9.5135,-0.0491187,1.26159,153.524,-33.3488,q3
0.2705,-1.46919,3.53713,-3.88256e-05,-9.47756,-0.0487592,1.26385,153.796,-33.5234,q3
0.271,-1.46742,3.56882,-3.86754e-05,-9.4418,-0.0484023,1.26611,154.07,-33.6961,q3
0.2715,-1.46563,3.60049,-3.85253e-05,-9.40622,-0.0480479,1.26836,154.346,-33.867,q3
0.272,-1.46382,3.63214,-3.83752e-05,-9.37081,-0.0476962,1.27061,154.625,-34.0361,q3
0.2725,-1.46199,3.66377,-3.82285e-05,-9.33558,-0.0473471,1.27286,154.906,-34.2034,q3
0.273,-1.46015,3.69538,-3.80944e-05,-9.30053,-0.0470005,1.2751,155.189,-34.369,q3
0.2735,-1.4583,3.72697,-3.79604e-05,-9.26564,-0.0466565,1.27734,155.474,-34.5328,q3
0.274,-1.45643,3.75855,-3.78263e-05,-9.23093,-0.0463149,1.27957,155.761,-34.6949,q3
0.2745,-1.45454,3.79011,-3.76922e-05,-9.19638,-0.0459759,1.2818,156.051,-34.8553,q3
0.275,-1.45264,3.82166,-3.75582e-05,-9.16201,-0.0456394,1.28403,156.342,-35.0141,q3
0.2755,-1.45072,3.85319,-3.74241e-05,-9.12779,-0.0453053,1.28625,156.636,-35.1712,q3
0.276,-1.44878,3.88472,-3.729e-05,-9.09375,-0.0449736,1.28847,156.932,-35.3266,q3
0.2765,-1.44683,3.91623,-3.7156e-05,-9.05987,-0.0446444,1.29068,157.23,-35.4805,q3
0.277,-1.44487,3.94773,-3.70219e-05,-9.02615,-0.0443177,1.2929,157.53,-35.6328,q3
0.2775,-1.44289,3.97922,-3.68927e-05,-8.99259,-0.0439933,1.2951,157.832,-35.7835,q3
0.278,-1.44089,4.0107,-3.67743e-05,-8.95919,-0.0436712,1.29731,158.136,-35.9326,q3
0.2785,-1.43887,4.04218,-3.6656e-05,-8.92594,-0.0433516,1.29951,158.442,-36.0803,q3
0.279,-1.43685,4.07365,-3.65376e-05,-8.89286,-0.0430342,1.30171,158.75,-36.2264,q3
0.2795,-1.4348,4.10512,-3.64193e-05,-8.85993,-0.0427192,1.3039,159.06,-36.371,q3
0.28,-1.43274,4.13658,-3.63009e-05,-8.82715,-0.0424065,1.30609,159.372,-36.5142,q3
0.2805,-1.43066,4.16804,-3.61826e-05,-8.79453,-0.0420961,1.30828,159.687,-36.6559,q3
0.281,-1.42857,4.1995,-3.60642e-05,-8.76205,-0.041788,1.31047,160.003,-36.7962,q3
0.2815,-1.42646,4.23096,-3.59459e-05,-8.72973,-0.0414821,1.31265,160.321,-36.9351,q3
0.282,-1.42434,4.26242,-3.58275e-05,-8.69756,-0.0411785,1.31483,160.641,-37.0726,q3
0.2825,-1.4222,4.29388,-3.57154e-05,-8.66553,-0.0408771,1.31701,160.963,-37.2088,q3
0.283,-1.42005,4.32534,-3.56127e-05,-8.63365,-0.0405779,1.31918,161.287,-37.3435,q3
0.2835,-1.41788,4.35681,-3.55099e-05,-8.60191,-0.0402809,1.32135,161.613,-37.4769,q3
0.284,-1.41569,4.38828,-3.54071e-05,-8.57032,-0.039986,1.32352,161.941,-37.6089,q3
0.2845,-1.41349,4.41975,-3.53043e-05,-8.53887,-0.0396934,1.32569,162.271,-37.7397,q3
0.285,-1.41127,4.45123,-3.52016e-05,-8.50755,-0.0394028,1.32785,162.603,-37.8691,q3
0.2855,-1.40904,4.48271,-3.50988e-05,-8.47638,-0.0391144,1.33001,162.937,-37.9972,q3
0.286,-1.40679,4.5142,-3.4996e-05,-8.44534,-0.0388281,1.33217,163.272,-38.124,q3
0.2865,-1.40452,4.54569,-3.48933e-05,-8.41444,-0.0385439,1.33432,163.61,-38.2495,q3
0.287,-1.40224,4.5772,-3.47905e-05,-8.38367,-0.0382618,1.33647,163.949,-38.3737,q3
0.2875,-1.39995,4.60871,-3.46955e-05,-8.35304,-0.0379818,1.33862,164.29,-38.4967,q3
0.288,-1.39763,4.64023,-3.46084e-05,-8.32253,-0.0377038,1.34077,164.633,-38.6185,q3
0.2885,-1.39531,4.67176,-3.45213e-05,-8.29216,-0.0374278,1.34292,164.978,-38.739,q3
0.289,-1.39296,4.7033,-3.44342e-05,-8.26192,-0.0371539,1.34506,165.324,-38.8583,q3
0.2895,-1.3906,4.73486,-3.43471e-05,-8.2318,-0.0368819,1.3472,165.672,-38.9764,q3
0.29,-1.38823,4.76643,-3.426e-05,-8.20181,-0.036612,1.34934,166.022,-39.0934,q3
0.2905,-1.38584,4.79801,-3.41729e-05,-8.17195,-0.036344,1.35147,166.374,-39.2091,q3
0.291,-1.38343,4.82961,-3.40858e-05,-8.14221,-0.036078,1.3536,166.728,-39.3237,q3
0.2915,-1.38101,4.86123,-3.39986e-05,-8.1126,-0.0358139,1.35574,167.083,-39.4372,q3
0.292,-1.37857,4.89286,-3.39115e-05,-8.0831,-0.0355518,1.35786,167.44,-39.5495,q3
0.2925,-1.37611,4.92451,-3.38339e-05,-8.05373,-0.0352916,1.35999,167.799,-39.6607,q3
0.293,-1.37364,4.95618,-3.37627e-05,-8.02448,-0.0350333,1.36212,168.159,-39.7708,q3
0.2935,-1.37116,4.98787,-3.36916e-05,-7.99534,-0.0347769,1.36424,168.521,-39.8798,q3
0.294,-1.36866,5.01959,-3.36205e-05,-7.96633,-0.0345224,1.36636,168.885,-39.9877,q3
0.2945,-1.36614,5.05132,-3.35493e-05,-7.93743,-0.0342697,1.36848,169.251,-40.0945,q3
0.295,-1.3636,5.08309,-3.34782e-05,-7.90864,-0.0340189,1.3706,169.618,-40.2003,q3
0.2955,-1.36105,5.11487,-3.3407e-05,-7.87997,-0.0337699,1.37272,169.986,-40.305,q3
0.296,-1.35849,5.14669,-3.33359e-05,-7.85141,-0.0335228,1.37483,170.356,-40.4087,q3
0.2965,-1.35591,5.17853,-3.32647e-05,-7.82296,-0.0332774,1.37694,170.728,-40.5114,q3
0.297,-1.35331,5.2104,-3.31936e-05,-7.79463,-0.0330339,1.37905,171.102,-40.6131,q3
0.2975,-1.3507,5.2423,-3.31338e-05,-7.7664,-0.0327921,1.38117,171.477,-40.7138,q3
0.298,-1.34807,5.27423,-3.30791e-05,-7.73829,-0.0325521,1.38327,171.853,-40.8135,q3
0.2985,-1.34542,5.3062,-3.30244e-05,-7.71028,-0.0323139,1.38538,172.231,-40.9123,q3
0.299,-1.34276,5.3382,-3.29697e-05,-7.68238,-0.0320774,1.38749,172.61,-41.0101,q3
0.2995,-1.34009,5.37024,-3.2915e-05,-7.65459,-0.0318427,1.38959,172.991,-41.107,q3
0.3,-1.33739,5.40233,-3.28604e-05,-7.6269,-0.0316096,1.3917,173.374,-41.203,q3
0.3005,-1.33468,5.43446,-3.28057e-05,-7.59932,-0.0313783,1.3938,173.758,-41.2982,q3
0.301,-1.33196,5.46664,-3.2751e-05,-7.57185,-0.0311487,1.39591,174.143,-41.3925,q3
0.3015,-1.32922,5.49887,-3.26963e-05,-7.54448,-0.0309207,1.39801,174.53,-41.4861,q3
0.302,-1.32646,5.53116,-3.26417e-05,-7.51722,-0.0306944,1.40012,174.918,-41.579,q3
0.3025,-1.32368,5.56351,-3.26005e-05,-7.49007,-0.0304698,1.40222,175.307,-41.6711,q3
0.303,-1.3209,5.59592,-3.25631e-05,-7.46302,-0.0302468,1.40433,175.698,-41.7625,q3
0.3035,-1.31809,5.6284,-3.25258e-05,-7.43607,-0.0300255,1.40643,176.09,-41.8532,q3
0.304,-1.31527,5.66095,-3.24884e-05,-7.40923,-0.0298057,1.40854,176.484,-41.9433,q3
0.3045,-1.31243,5.69357,-3.2451e-05,-7.38249,-0.0295876,1.41064,176.879,-42.0327,q3
0.305,-1.30957,5.72626,-3.24137e-05,-7.35586,-0.0293711,1.41275,177.275,-42.1216,q3
0.3055,-1.3067,5.75904,-3.23763e-05,-7.32933,-0.0291562,1.41486,177.672,-42.2099,q3
0.306,-1.30381,5.79189,-3.23389e-05,-7.3029,-0.0289428,1.41697,178.071,-42.2976,q3
0.3065,-1.30091,5.82483,-3.23015e-05,-7.27657,-0.028731,1.41909,178.471,-42.3848,q3
0.307,-1.29799,5.85785,-3.22642e-05,-7.25034,-0.0285207,1.4212,178.872,-42.4714,q3
0.3075,-1.29505,5.89096,-3.22432e-05,-7.22422,-0.028312,1.42332,179.274,-42.5576,q3
0.308,-1.2921,5.92416,-3.22245e-05,-7.19819,-0.0281049,1.42543,179.678,-42.6433,q3
0.3085,-1.28913,5.95746,-3.22059e-05,-7.17227,-0.0278992,1.42755,180.083,-42.7286,q3
0.309,-1.28614,5.99086,-3.21872e-05,-7.1465,-0.0276951,1.42968,180.49,-42.8137,q3
0.3095,-1.28314,6.02436,-3.21686e-05,-7.12087,-0.0274924,1.4318,180.899,-42.8987,q3
0.31,-1.28012,6.05796,-3.21499e-05,-7.09538,-0.0272912,1.43393,181.311,-42.9835,q3
0.3105,-1.27708,6.09167,-3.21312e-05,-7.07004,-0.0270915,1.43606,181.725,-43.0683,q3
0.311,-1.27402,6.12549,-3.21126e-05,-7.04483,-0.0268933,1.43819,182.142,-43.153,q3
0.3115,-1.27095,6.15941,-3.20939e-05,-7.01976,-0.0266965,1.44033,182.56,-43.2376,q3
0.312,-1.26787,6.19346,-3.20753e-05,-6.99483,-0.0265012,1.44247,182.981,-43.3222,q3
0.3125,-1.26476,6.22762,-3.2077e-05,-6.97002,-0.0263072,1.44461,183.404,-43.4066,q3
0.313,-1.26164,6.26189,-3.20794e-05,-6.94535,-0.0261148,1.44675,183.829,-43.4911,q3
0.3135,-1.2585,6.29629,-3.20817e-05,-6.9208,-0.0259237,1.4489,184.256,-43.5754,q3
0.314,-1.25534,6.33082,-3.20841e-05,-6.89638,-0.025734,1.45106,184.684,-43.6597,q3
0.3145,-1.25217,6.36547,-3.20865e-05,-6.87208,-0.0255457,1.45321,185.115,-43.744,q3
0.315,-1.24898,6.40025,-3.20888e-05,-6.8479,-0.0253588,1.45537,185.548,-43.8282,q3
0.3155,-1.24577,6.43515,-3.20912e-05,-6.82383,-0.0251732,1.45753,185.982,-43.9124,q3
0.316,-1.24254,6.47019,-3.20936e-05,-6.79987,-0.0249891,1.4597,186.418,-43.9965,q3
0.3165,-1.2393,6.50536,-3.20959e-05,-6.77603,-0.0248062,1.46187,186.855,-44.0805,q3
0.317,-1.23604,6.54067,-3.20999e-05,-6.75229,-0.0246247,1.46404,187.295,-44.1645,q3
0.3175,-1.23276,6.57612,-3.21268e-05,-6.72865,-0.0244446,1.46622,187.735,-44.2484,q3
0.318,-1.22946,6.6117,-3.21537e-05,-6.70512,-0.0242657,1.4684,188.177,-44.3322,q3
0.3185,-1.22614,6.64743,-3.21807e-05,-6.68168,-0.0240882,1.47059,188.621,-44.416,q3
0.319,-1.22281,6.68331,-3.22076e-05,-6.65834,-0.023912,1.47278,189.066,-44.4997,q3
0.3195,-1.21946,6.71933,-3.22345e-05,-6.63509,-0.023737,1.47497,189.512,-44.5833,q3
0.32,-1.21609,6.7555,-3.22614e-05,-6.61193,-0.0235634,1.47717,189.959,-44.6669,q3
0.3205,-1.21271,6.79182,-3.22883e-05,-6.58886,-0.023391,1.47938,190.407,-44.7503,q3
0.321,-1.2093,6.82829,-3.23152e-05,-6.56587,-0.0232198,1.48158,190.856,-44.8336,q3
0.3215,-1.20588,6.86492,-3.23421e-05,-6.54295,-0.02305,1.4838,191.306,-44.9169,q3
0.322,-1.20244,6.90171,-3.23738e-05,-6.52012,-0.0228813,1.48601,191.757,-45,q3
0.3225,-1.19898,6.93865,-3.24302e-05,-6.49736,-0.022714,1.48823,192.209,-45.0829,q3
0.323,-1.1955,6.97576,-3.24866e-05,-6.47467,-0.0225478,1.49046,192.661,-45.1658,q3
0.3235,-1.192,7.01303,-3.2543e-05,-6.45205,-0.0223828,1.49269,193.114,-45.2484,q3
0.324,-1.18848,7.05047,-3.25995e-05,-6.42949,-0.0222191,1.49493,193.567,-45.3309,q3
0.3245,-1.18495,7.08807,-3.26559e-05,-6.40699,-0.0220566,1.49717,194.02,-45.4132,q3
0.325,-1.1814,7.12584,-3.27123e-05,-6.38456,-0.0218952,1.49941,194.474,-45.4953,q3
0.3255,-1.17782,7.16378,-3.27687e-05,-6.35514,-0.0217351,1.5,194.927,-45.5268,q3
0.326,-1.17423,7.2019,-3.28251e-05,-6.32334,-0.0215761,1.5,195.381,-45.54,q3
0.3265,-1.17062,7.24019,-3.28815e-05,-6.29166,-0.0214182,1.5,195.835,-45.5528,q3
0.327,-1.16699,7.27867,-3.29462e-05,-6.2601,-0.0212616,1.5,196.288,-45.5652,q3
0.3275,-1.16334,7.31733,-3.3035e-05,-6.22865,-0.0211061,1.5,196.741,-45.5771,q3
0.328,-1.15967,7.35617,-3.31238e-05,-6.19731,-0.0209517,1.5,197.194,-45.5885,q3
0.3285,-1.15599,7.3952,-3.32126e-05,-6.16608,-0.0207984,1.5,197.646,-45.5994,q3
0.329,-1.15228,7.43441,-3.33014e-05,-6.13496,-0.0206463,1.5,198.097,-45.6098,q3
0.3295,-1.14855,7.47381,-3.33902e-05,-6.10393,-0.0204953,1.5,198.547,-45.6196,q3
0.33,-1.14481,7.5134,-3.3479e-05,-6.073,-0.0203454,1.5,198.997,-45.6289,q3
0.3305,-1.14104,7.55318,-3.35678e-05,-6.04216,-0.0201966,1.5,199.445,-45.6375,q3
0.331,-1.13725,7.59315,-3.36566e-05,-6.01141,-0.0200489,1.5,199.892,-45.6455,q3
0.3315,-1.13345,7.63331,-3.37454e-05,-5.98075,-0.0199022,1.5,200.338,-45.6529,q3
0.332,-1.12962,7.67367,-3.38479e-05,-5.95016,-0.0197567,1.5,200.781,-45.6596,q3
0.3325,-1.12577,7.71422,-3.39757e-05,-5.91966,-0.0196122,1.5,201.224,-45.6655,q3
0.333,-1.1219,7.75497,-3.41035e-05,-5.88922,-0.0194688,1.5,201.664,-45.6707,q3
0.3335,-1.11802,7.79593,-3.42313e-05,-5.85886,-0.0193264,1.5,202.102,-45.6752,q3
0.334,-1.11411,7.83709,-3.43591e-05,-5.82856,-0.0191851,1.5,202.538,-45.679,q3
0.3345,-1.11018,7.87847,-3.44869e-05,-5.79833,-0.0190448,1.5,202.972,-45.682,q3
0.335,-1.10623,7.92007,-3.46147e-05,-5.76815,-0.0189055,1.5,203.403,-45.6842,q3
0.3355,-1.10226,7.96189,-3.47426e-05,-5.73803,-0.0187672,1.5,203.831,-45.6856,q3
0.336,-1.09827,8.00394,-3.48704e-05,-5.70799,-0.01863,1.5,204.258,-45.6864,q3
0.3365,-1.09426,8.04623,-3.49982e-05,-5.67808,-0.0184938,1.5,204.684,-45.6871,q3
0.337,-1.09022,8.08875,-3.51482e-05,-5.6483,-0.0183586,1.5,205.111,-45.6877,q3
0.3375,-1.08617,8.13152,-3.53258e-05,-5.61866,-0.0182243,1.5,205.537,-45.6883,q3
0.338,-1.08209,8.17454,-3.55034e-05,-5.58915,-0.0180911,1.5,205.963,-45.6887,q3
0.3385,-1.07799,8.21781,-3.56811e-05,-5.55977,-0.0179588,1.5,206.39,-45.6891,q3
0.339,-1.07387,8.26135,-3.58587e-05,-5.53051,-0.0178275,1.5,206.816,-45.6895,q3
0.3395,-1.06973,8.30515,-3.60363e-05,-5.50138,-0.0176971,1.5,207.242,-45.6898,q3
0.34,-1.06557,8.34922,-3.62139e-05,-5.47238,-0.0175678,1.5,207.668,-45.6901,q3
0.3405,-1.06138,8.39356,-3.63916e-05,-5.44351,-0.0174393,1.5,208.093,-45.6904,q3
0.341,-1.05717,8.43818,-3.65692e-05,-5.41476,-0.0173118,1.5,208.519,-45.6907,q3
0.3415,-1.05294,8.48309,-3.67468e-05,-5.38613,-0.0171853,1.5,208.943,-45.691,q3
0.342,-1.04869,8.52828,-3.696e-05,-5.35762,-0.0170597,1.5,209.368,-45.6913,q3
0.3425,-1.04441,8.57377,-3.72034e-05,-5.32923,-0.0169349,1.5,209.792,-45.6916,q3
0.343,-1.04012,8.61955,-3.74468e-05,-5.30097,-0.0168112,1.5,210.216,-45.692,q3
0.3435,-1.0358,8.66564,-3.76902e-05,-5.27282,-0.0166883,1.5,210.64,-45.6923,q3
0.344,-1.03145,8.71203,-3.79336e-05,-5.24479,-0.0165663,1.5,211.063,-45.6927,q3
0.3445,-1.02708,8.75874,-3.8177e-05,-5.21687,-0.0164452,1.5,211.485,-45.6932,q3
0.345,-1.02269,8.80576,-3.84204e-05,-5.18907,-0.016325,1.5,211.907,-45.6937,q3
0.3455,-1.01828,8.8531,-3.86638e-05,-5.16138,-0.0162057,1.5,212.328,-45.6942,q3
0.346,-1.01384,8.90077,-3.89073e-05,-5.13381,-0.0160873,1.5,212.748,-45.6948,q3
0.3465,-1.00938,8.94877,-3.91507e-05,-5.10634,-0.0159697,1.5,213.168,-45.6955,q3
0.347,-1.00489,8.9971,-3.94511e-05,-5.07899,-0.015853,1.5,213.587,-45.6962,q3
0.3475,-1.00038,9.04577,-3.97844e-05,-5.05175,-0.0157371,1.5,214.005,-45.6969,q3
0.348,-0.995844,9.09479,-4.01177e-05,-5.02461,-0.0156221,1.5,214.423,-45.6978,q3
0.3485,-0.991285,9.14415,-4.04509e-05,-4.99758,-0.015508,1.5,214.839,-45.6986,q3
0.349,-0.9867,9.19387,-4.07842e-05,-4.97066,-0.0153947,1.5,215.255,-45.6996,q3
0.3495,-0.982091,9.24394,-4.11175e-05,-4.94384,-0.0152822,1.5,215.669,-45.7006,q3
0.35,-0.977456,9.29437,-4.14507e-05,-4.91713,-0.0151705,1.5,216.083,-45.7016,q3
0.3505,-0.972796,9.34517,-4.1784e-05,-4.89052,-0.0150597,1.5,216.495,-45.7027,q3
0.351,-0.968111,9.39634,-4.21172e-05,-4.86401,-0.0149497,1.5,216.906,-45.7039,q3
0.3515,-0.9634,9.44788,-4.24505e-05,-4.83761,-0.0148405,1.5,217.316,-45.7051,q3
0.352,-0.958663,9.49981,-4.28764e-05,-4.8113,-0.0147321,1.5,217.725,-45.7064,q3
0.3525,-0.9539,9.55212,-4.33365e-05,-4.78509,-0.0146244,1.5,218.132,-45.7078,q3
0.353,-0.949111,9.60483,-4.37967e-05,-4.75898,-0.0145176,1.5,218.538,-45.7092,q3
0.3535,-0.944295,9.65794,-4.42569e-05,-4.73296,-0.0144116,1.5,218.942,-45.7107,q3
0.354,-0.939453,9.71146,-4.4717e-05,-4.70705,-0.0143063,1.5,219.345,-45.7123,q3
0.3545,-0.934584,9.76539,-4.51772e-05,-4.68122,-0.0142019,1.5,219.747,-45.714,q3
0.355,-0.929687,9.81974,-4.56374e-05,-4.65549,-0.0140982,1.5,220.147,-45.7157,q3
0.3555,-0.924764,9.87452,-4.60975e-05,-4.62985,-0.0139952,1.5,220.545,-45.7176,q3
0.356,-0.919813,9.92972,-4.65577e-05,-4.6043,-0.013893,1.5,220.941,-45.7195,q3
0.3565,-0.914834,9.98536,-4.70178e-05,-4.57885,-0.0137916,1.5,221.335,-45.7215,q3
0.357,-0.909827,10.0414,-4.76314e-05,-4.55348,-0.0136909,1.5,221.728,-45.7235,q3
0.3575,-0.904792,10.098,-4.82775e-05,-4.5282,-0.0135909,1.5,222.119,-45.7257,q3
0.358,-0.899729,10.155,-4.89237e-05,-4.50301,-0.0134917,1.5,222.507,-45.7279,q3
0.3585,-0.894637,10.2124,-4.95699e-05,-4.47797,-0.0133933,1.5,222.897,-45.7308,q3
0.359,-0.889517,10.2703,-5.02161e-05,-4.45317,-0.0132955,1.5,223.292,-45.7354,q3
0.3595,-0.884367,10.3287,-5.08622e-05,-4.42861,-0.0131985,1.5,223.693,-45.7417,q3
0.36,-0.879188,10.3875,-5.15084e-05,-4.40428,-0.0131022,1.5,224.1,-45.7496,q3
0.3605,-0.873979,10.4468,-5.21546e-05,-4.38017,-0.0130065,1.5,224.511,-45.7589,q3
0.361,-0.868741,10.5066,-5.28007e-05,-4.35626,-0.0129116,1.5,224.927,-45.7697,q3
0.3615,-0.863473,10.5669,-5.34469e-05,-4.33254,-0.0128174,1.5,225.346,-45.7817,q3
0.362,-0.858174,10.6277,-5.43583e-05,-4.309,-0.0127239,1.5,225.769,-45.7949,q3
0.3625,-0.852845,10.689,-5.5293e-05,-4.28563,-0.0126311,1.5,226.194,-45.8093,q3
0.363,-0.847485,10.7509,-5.62277e-05,-4.26242,-0.012539,1.5,226.622,-45.8247,q3
0.3635,-0.842094,10.8132,-5.71624e-05,-4.23935,-0.0124476,1.5,227.052,-45.841,q3
0.364,-0.836672,10.8761,-5.80971e-05,-4.21642,-0.0123568,1.5,227.482,-45.8582,q3
0.3645,-0.831218,10.9395,-5.90318e-05,-4.1936,-0.0122667,1.5,227.913,-45.876,q3
0.365,-0.825732,11.0035,-5.99665e-05,-4.1709,-0.0121773,1.5,228.344,-45.8945,q3
0.3655,-0.820214,11.068,-6.09012e-05,-4.14829,-0.0120885,1.5,228.774,-45.9134,q3
0.366,-0.814664,11.1331,-6.18359e-05,-4.12576,-0.0120004,1.5,229.202,-45.9327,q3
0.3665,-0.809081,11.1988,-6.27773e-05,-4.10331,-0.0119129,1.5,229.628,-45.9521,q3
0.367,-0.803465,11.265,-6.41852e-05,-4.08092,-0.0118261,1.5,230.051,-45.9717,q3
0.3675,-0.797816,11.3319,-6.55931e-05,-4.05857,-0.01174,1.5,230.471,-45.9912,q3
0.368,-0.792133,11.3993,-6.7001e-05,-4.03626,-0.0116544,1.5,230.886,-46.0104,q3
0.3685,-0.786416,11.4673,-6.84089e-05,-4.01397,-0.0115695,1.5,231.295,-46.0294,q3
0.369,-0.780666,11.5359,-6.98169e-05,-3.9917,-0.0114853,1.5,231.699,-46.0477,q3
0.3695,-0.77488,11.6051,-7.12248e-05,-3.96942,-0.0114017,1.5,232.096,-46.0654,q3
0.37,-0.76906,11.6749,-7.26327e-05,-3.94712,-0.0113187,1.5,232.484,-46.0822,q3
0.3705,-0.763205,11.7453,-7.40406e-05,-3.9248,-0.0112363,1.5,232.864,-46.0979,q3
0.371,-0.757315,11.8163,-7.54485e-05,-3.90243,-0.0111545,1.5,233.235,-46.1124,q3
0.3715,-0.751389,11.888,-7.69523e-05,-3.88001,-0.0110734,1.5,233.594,-46.1254,q3
0.372,-0.745427,11.9602,-7.92404e-05,-3.85752,-0.0109928,1.5,233.942,-46.1367,q3
0.3725,-0.739429,12.0331,-8.15285e-05,-3.83495,-0.0109129,1.5,234.277,-46.1462,q3
0.373,-0.733394,12.1066,-8.38166e-05,-3.81229,-0.0108335,1.5,234.598,-46.1537,q3
0.3735,-0.727322,12.1807,-8.61047e-05,-3.78952,-0.0107548,1.5,234.905,-46.1589,q3
0.374,-0.721213,12.2554,-8.83928e-05,-3.76663,-0.0106766,1.5,235.195,-46.1616,q3
0.3745,-0.715067,12.3308,-9.06809e-05,-3.7436,-0.0105991,1.5,235.468,-46.1615,q3
0.375,-0.708882,12.4067,-9.2969e-05,-3.72043,-0.0105221,1.5,235.722,-46.1584,q3
0.3755,-0.70266,12.4833,-9.52571e-05,-3.69709,-0.0104457,1.5,235.956,-46.152,q3
0.376,-0.696399,12.5605,-9.75452e-05,-3.67358,-0.0103699,1.5,236.17,-46.1421,q3
0.3765,-0.690099,12.6383,-0.000100164,-3.64987,-0.0102946,1.5,236.361,-46.1283,q3
0.377,-0.68376,12.7168,-0.000104077,-3.62596,-0.01022,1.5,236.528,-46.1105,q3
0.3775,-0.677382,12.7958,-0.00010799,-3.60199,-0.0101459,1.5,236.68,-46.0903,q3
0.378,-0.670964,12.8754,-0.000111903,-3.57817,-0.0100723,1.5,236.831,-46.0705,q3
0.3785,-0.664507,12.9556,-0.000115816,-3.55451,-0.00999939,1.5,236.982,-46.051,q3
0.379,-0.658009,13.0365,-0.000119729,-3.531,-0.00992699,1.5,237.131,-46.0318,q3
0.3795,-0.65147,13.1179,-0.000123641,-3.50764,-0.00985516,1.5,237.279,-46.0128,q3
0.38,-0.644891,13.1999,-0.000127554,-3.48442,-0.00978388,1.5,237.426,-45.994,q3
0.3805,-0.63827,13.2825,-0.000131467,-3.46134,-0.00971315,1.5,237.571,-45.9752,q3
0.381,-0.631608,13.3656,-0.00013538,-3.4384,-0.00964297,1.5,237.713,-45.9563,q3
0.3815,-0.624904,13.4494,-0.000141178,-3.41558,-0.00957334,1.5,237.854,-45.9374,q3
0.382,-0.618159,13.5337,-0.000151407,-3.39291,-0.00950427,1.5,237.992,-45.9185,q3
0.3825,-0.611371,13.6185,-0.000161636,-3.37038,-0.00943579,1.5,238.127,-45.8995,q3
0.383,-0.60454,13.7039,-0.000171865,-3.34798,-0.00936789,1.5,238.259,-45.8803,q3
0.3835,-0.597667,13.7898,-0.000182094,-3.32571,-0.00930056,1.5,238.388,-45.8609,q3
0.384,-0.59075,13.8763,-0.000192323,-3.30357,-0.00923379,1.5,238.513,-45.8412,q3
0.3845,-0.58379,13.9632,-0.000202552,-3.28155,-0.00916759,1.5,238.634,-45.8211,q3
0.385,-0.576787,14.0507,-0.000212781,-3.25965,-0.00910195,1.5,238.751,-45.8003,q3
0.3855,-0.569739,14.1387,-0.00022301,-3.23786,-0.00903687,1.5,238.863,-45.779,q3
0.386,-0.562648,14.2271,-0.000233239,-3.21618,-0.00897233,1.5,238.97,-45.7568,q3
0.3865,-0.555512,14.3159,-0.000244679,-3.19461,-0.00890835,1.5,239.072,-45.7337,q3
0.387,-0.548332,14.4052,-0.000257988,-3.17314,-0.00884493,1.5,239.168,-45.7096,q3
0.3875,-0.541107,14.4948,-0.000271298,-3.15178,-0.00878207,1.5,239.259,-45.6845,q3
0.388,-0.533837,14.5849,-0.000284607,-3.13052,-0.00871977,1.5,239.343,-45.6582,q3
0.3885,-0.526522,14.6752,-0.000297916,-3.10935,-0.00865802,1.5,239.42,-45.6305,q3
0.389,-0.519162,14.7659,-0.000311225,-3.08828,-0.00859683,1.5,239.49,-45.6013,q3
0.3895,-0.511756,14.8569,-0.000324534,-3.06729,-0.00853618,1.5,239.552,-45.5704,q3
0.39,-0.504305,14.9482,-0.000337843,-3.04638,-0.00847607,1.5,239.606,-45.5377,q3
0.3905,-0.496808,15.0396,-0.000351152,-3.02555,-0.00841649,1.5,239.652,-45.5031,q3
0.391,-0.489265,15.1313,-0.000364461,-3.00479,-0.00835746,1.5,239.689,-45.4663,q3
0.3915,-0.481677,15.2232,-0.00116385,-2.98449,-0.00830005,1.5,239.717,-45.4334,q3
0.392,-0.474042,15.3163,-0.00278784,-2.96805,-0.00825372,1.5,239.734,-45.4596,q3
0.3925,-0.46636,15.411,-0.00441183,-2.95589,-0.00821964,1.5,239.742,-45.5533,q3
0.393,-0.458631,15.5075,-0.00603581,-2.94782,-0.0081977,1.5,239.728,-45.7132,q3
0.3935,-0.450852,15.6056,-0.0076598,-2.94353,-0.00818764,1.5,239.672,-45.9354,q3
0.394,-0.443025,15.7054,-0.00928379,-2.9479,-0.0082031,1.5,239.576,-46.2978,q3
0.3945,-0.435147,15.8068,-0.0109078,-2.97653,-0.00828748,1.5,239.44,-47.0495,q3
0.395,-0.427218,15.9099,-0.0125318,-3.02921,-0.00844027,1.5,239.266,-48.1944,q3
0.3955,-0.419237,16.0144,-0.0141558,-3.10479,-0.00865844,1.5,239.057,-49.7213,q3
0.396,-0.411203,16.1202,-0.0157797,-3.20216,-0.00893908,1.5,238.813,-51.6195,q3
